label,image
ca sĩ Akira Phan,41
ca sĩ Anh Thơ,41
ca sĩ Bằng Kiều,42
ca sĩ Bảo Anh,35
ca sĩ Bảo Thy,39
ca sĩ Bigdaddy,34
ca sĩ Bích Phương,46
ca sĩ Bùi Anh Tuấn,35
ca sĩ Cao Thái Sơn,46
ca sĩ Cát Tường,41
ca sĩ Cẩm Ly,46
ca sĩ Chi Dân,44
ca sĩ Dịch Dương Thiên Tỉ,45
ca sĩ Doãn Hiếu,34
ca sĩ Don Nguyễn,33
ca sĩ Dương Triệu Vũ,39
ca sĩ Emily,34
ca sĩ Erik,46
ca sĩ Fanny Trần,35
ca sĩ Gin Tuấn Kiệt,43
ca sĩ Hari Won,44
ca sĩ Hà Anh Tuấn,45
ca sĩ Hà Thanh Xuân,42
ca sĩ Hải Băng,35
ca sĩ Hiền Thục,43
ca sĩ Hoài Lâm,47
ca sĩ Hoàng Thùy Linh,48
ca sĩ Hoàng Yến Chibi,47
ca sĩ Hòa Minzy,41
ca sĩ Hồ Ngọc Hà,39
ca sĩ Hồ Quang Hiếu,46
ca sĩ Hồ Quỳnh Hương,46
ca sĩ Hồ Văn Cường,34
ca sĩ Jang Mi,43
ca sĩ Justatee,35
ca sĩ K Icm,41
ca sĩ Karik,43
ca sĩ Kelvin Khánh,38
ca sĩ Khánh Phương,42
ca sĩ Khổng Tú Quỳnh,43
ca sĩ Khởi My,41
ca sĩ Kyo York,42
ca sĩ Lam Trường,45
ca sĩ Lâm Chấn Huy,38
ca sĩ Leg,31
ca sĩ Lê Bảo Bình,39
ca sĩ Luna Đào,41
ca sĩ Lương Bích Hữu,46
ca sĩ Lynk Lee,47
ca sĩ Lý Hải,34
ca sĩ Mạnh Quỳnh,46
ca sĩ Min,42
ca sĩ Minh Hằng,45
ca sĩ Minh Tuyết,40
ca sĩ Minh Vương,26
ca sĩ Miu Lê,43
ca sĩ Mr. Siro,36
ca sĩ Mỹ Tâm,39
ca sĩ Ngô Kiến Huy,46
ca sĩ Nguyễn Hương Ly,31
ca sĩ Nhật Kim Anh,42
ca sĩ Như Quỳnh,44
ca sĩ Noo Phước Thịnh,41
ca sĩ Ông Cao Thắng,36
ca sĩ Phạm Quỳnh Anh,39
ca sĩ Phi Nhung,40
ca sĩ Phương Mỹ Chi,43
ca sĩ Phương Thanh,45
ca sĩ Phương Trinh Jolie,40
ca sĩ Quang Lập,42
ca sĩ Quang Lê,47
ca sĩ Rhymastic,34
ca sĩ S.T Sơn Thạch,43
ca sĩ Saka Trương Tuyền,36
ca sĩ Sĩ Thanh,46
ca sĩ Soobin,41
ca sĩ Soobin Hoàng Sơn,43
ca sĩ Sơn Tùng,47
ca sĩ Suboi,33
ca sĩ Suni Hạ Linh,39
ca sĩ Thanh Duy,44
ca sĩ Thiều Bảo Trâm,44
ca sĩ Thu Minh,40
ca sĩ Thuỷ Tiên,38
ca sĩ Thùy Chi,48
ca sĩ Thương Võ,38
ca sĩ Tiết Chi Khiêm,29
ca sĩ Tóc Tiên,38
ca sĩ Trịnh Thăng Bình,45
ca sĩ Trương Kiệt,33
ca sĩ Trương Quỳnh Anh,41
ca sĩ Trương Thế Vinh,41
ca sĩ Tuấn Hưng,45
ca sĩ Ưng Hoàng Phúc,47
ca sĩ Vanh Leg,35
ca sĩ Văn Mai Hương,46
ca sĩ Việt Johan,28
ca sĩ Vũ Cát Tường,38
ca sĩ Vương Lạc Đan,33
ca sĩ Đan Trường,44
ca sĩ Đàm Vĩnh Hưng,48
ca sĩ Đăng Khôi,34
ca sĩ Đinh Duy Chinh,21
ca sĩ Đông Nhi,38
diễn viên Angela Phương Trinh,48
diễn viên Âu Hào,30
diễn viên Bảo Suzu,35
diễn viên Bạch Kính Đình,41
diễn viên Bình An,41
diễn viên Cận Đông,36
diễn viên Chi Pu,44
diễn viên Chu Nhất Long,43
diễn viên Cung Lê,27
diễn viên Diễm My 9x,43
diễn viên Diệp Lâm Anh,35
diễn viên Duy Khánh Zhou Zhou,43
diễn viên Dương Svm (Hồng Xiêm),22
diễn viên Elly Trần,40
diễn viên Giang Sơ Ảnh,39
diễn viên Ginô Tống,26
diễn viên Harry Lu,45
diễn viên Hải Triều,44
diễn viên Hảo Henry,31
diễn viên Hinh Chiêu Lâm,43
diễn viên Hoàng Anh Vũ,40
diễn viên Hoàng Hiên,41
diễn viên Hồ Băng Khanh,42
diễn viên Hồ Khả,30
diễn viên Hữu Công,32
diễn viên Johnny Trí Nguyễn,41
diễn viên Kha Chấn Đông,39
diễn viên Kiều Chấn Vũ,41
diễn viên Kiều Trinh Xíu,39
diễn viên Kim Thần,41
diễn viên La Vân Hi,48
diễn viên Lana Condor,41
diễn viên Linh Miu,40
diễn viên Lục Nghị,36
diễn viên Lý Hoành Nghị,40
diễn viên Lý Khê Nhuế,39
diễn viên Lý Nhã Kỳ,40
diễn viên Lý Phi Nhi,39
diễn viên Lý Thấm,48
diễn viên Lý Trị Đình,35
diễn viên Mai Quỳnh Anh,28
diễn viên Mao Tử Tuấn,44
diễn viên Mã Cảnh Đào,32
diễn viên Mã Khả,31
diễn viên Mạnh Quân,39
diễn viên Minh Đạo,45
diễn viên Ngân Khánh,40
diễn viên Nghê Ni,44
diễn viên Ngô Thanh Vân,45
diễn viên Ngô Tú Ba,33
diễn viên Ngọc Thanh Tâm,37
diễn viên Ngọc Thảo,32
diễn viên Nguyễn Thùy Dương (Muối Tỷ),31
diễn viên Ngưu Tuấn Phong,41
diễn viên Nhã Phương,40
diễn viên Ninh Dương Lan Ngọc,48
diễn viên Quách Thái Khiết,22
diễn viên Quỳnh Kool,43
diễn viên Shahrukh Khan,35
diễn viên Tần Lam,45
diễn viên Tần Tuấn Kiệt,33
diễn viên Thanh Mai,44
diễn viên Thúy Diễm,34
diễn viên Thúy Kiều Faptv,32
diễn viên Tôn Di,39
diễn viên Tôn Hồng Lôi,30
diễn viên Tống Thiến (Victoria),44
diễn viên Tống Tổ Nhi,45
diễn viên Tống Uy Long,48
diễn viên Trần Hách,32
diễn viên Trần Học Đông,39
diễn viên Trịnh Khải,32
diễn viên Trịnh Nguyên Sướng,44
diễn viên Trúc Mây,43
diễn viên Trương Bân Bân,37
diễn viên Trương Duệ,35
diễn viên Trương Dư Hi,44
diễn viên Trương Nhất Sơn,34
diễn viên Trương Nhược Quân,36
diễn viên Trương Thiên Ái,42
diễn viên Trương Tuyết Nghênh,43
diễn viên Trương Vân Long,33
diễn viên Trương Đan Phong,41
diễn viên Tưởng Kình Phu,21
diễn viên Tưởng Y Y,44
diễn viên Từ Chính Khê,39
diễn viên Từ Tranh,28
diễn viên Vân Trang,26
diễn viên Vi Xù,40
diễn viên Viêm Á Luân,38
diễn viên Vu Mông Lung,38
diễn viên Vương Âu,40
diễn viên Vương Bảo Cường,27
diễn viên Vương Khải,30
diễn viên Vương Tử Văn,31
diễn viên Vương Đại Lục,35
diễn viên Yaya,41
diễn viên Đậu Kiêu,41
diễn viên Đặng Luân,48
diễn viên Đinh Ngọc Diệp,38
diễn viên Đỗ Duy Nam,25
diễn viên Đỗ Nhật Trường,31
diễn viên Đường Nghệ Hân,28
hoa hậu Catriona Gray,41
hoa hậu Georgina Rodriguez,24
hoa hậu Jolie Nguyễn,43
hoa hậu Lan Khuê,34
hoa hậu Lưu Thị Diễm Hương,37
hoa hậu Lý Gia Hân,40
hoa hậu Ngọc Châu,45
hoa hậu Nguyễn Thị Ánh Ngọc,32
hoa hậu Nguyễn Thúc Thùy Tiên,40
hoa hậu Phạm Hương,46
hoa hậu Rinrada Thurapan,45
